"iso3","region","residual","lon","lat"
"AGO","Africa",0.631314666812252,15.3012280778688,-8.34394903981547
"BDI","Africa",-0.198955069460307,29.9962426454593,-3.05410531545297
"BEN","Africa",0.252386825096086,2.35913849160785,9.73418797278891
"BFA","Africa",-0.258864576958963,-1.59355680218843,11.9982512754553
"BWA","Africa",0.343592511180873,24.5846756119534,-22.5234370598426
"CAF","Africa",0.350244033874929,20.0807759202557,6.40133903497531
"CIV","Africa",0.100230718617851,-4.48314208085149,6.57099455467145
"CMR","Africa",-0.00302173319324747,13.0138730539594,6.2606792647498
"COD","Africa",0.702765279198477,23.7101367878405,-4.52494219062339
"COG","Africa",0.396310522684438,14.3977239567429,-1.12112852213644
"COM","Africa",-0.304586089428967,43.8365604763939,-12.0527484076364
"CPV","Africa",-0.28957642986511,-23.9210316614499,16.0766465883062
"DZA","Africa",0.383576064641188,1.78059546285196,29.2280776120975
"ERI","Africa",0.106437791393342,39.7957514519919,15.6164549871286
"ETH","Africa",0.347391585962348,38.9589723245987,9.18770695127399
"GAB","Africa",0.626172566928419,11.62220795832,-0.862762689700424
"GHA","Africa",-0.205117950333443,-1.05899270214699,8.32127239956834
"GIN","Africa",0.183900322549912,-10.7177532390616,10.1163040988747
"GMB","Africa",0.251455689054033,-15.5084191152494,13.4292253468135
"GNB","Africa",-0.30564023037958,-15.7769900079308,11.4630574523526
"GNQ","Africa",0.653512934339325,9.40180271940028,2.48846451906448
"KEN","Africa",-0.0210507693879723,39.3145427262342,-0.707031606312807
"LBR","Africa",0.992749554674796,-9.08566174404227,6.99058956379513
"LSO","Africa",0.3712929800554,28.1996587778067,-29.6771357647784
"MDG","Africa",-0.11054144674508,48.3632534956429,-16.030085981886
"MLI","Africa",0.408690958492869,-5.37822553095262,14.8470316934986
"MOZ","Africa",0.602202382836364,34.8868176780726,-13.8032222200644
"MRT","Africa",-0.381909287453145,-13.9547555991255,19.7567502884819
"MUS","Africa",0.0620166640553193,57.5453125803094,-20.2973376826236
"MWI","Africa",-0.227954459024771,34.4566494311811,-12.2868438564954
"NAM","Africa",-0.314880501508873,18.1413867422875,-21.8204558595698
"NER","Africa",-0.198208311733798,6.37571959963032,15.3817034328685
"NGA","Africa",0.439133219665551,7.50742608893151,6.54074516616949
"RWA","Africa",0.0526842931342542,29.9235468485269,-2.00196726494525
"SEN","Africa",0.166839536374763,-14.3806911672584,14.0332339172991
"SLE","Africa",0.209606854224993,-12.2433717990744,8.07869620405394
"SSD","Africa",0.679548469212123,30.3454697556291,7.91946699721681
"STP","Africa",-0.701917576429281,7.00145915349325,0.922211972127358
"SWZ","Africa",0.331869388187794,31.5685778668052,-26.4595293245817
"SYC","Africa",-0.454703174906297,55.4819464683533,-4.67993175983429
"TCD","Africa",0.248825535389555,18.9780794255103,12.7903988320393
"TGO","Africa",-0.148100386960951,0.70651854625764,8.76530810256502
"TZA","Africa",0.22161812555894,38.3326330926894,-6.44396514269496
"UGA","Africa",0.270134288713574,32.1278899722629,1.38492426552499
"ZAF","Africa",0.791157192196427,30.093639158797,-34.9117691905504
"ZMB","Africa",0.238505950799256,28.8129970945161,-12.5042960548907
"ZWE","Africa",0.0744261739130896,29.6405875262092,-19.1477854279911
"ARG","Americas",-0.36486278453045,-64.7660493399624,-46.0798333627169
"ATG","Americas",0.209463248928901,-61.7617193857829,17.0729571978251
"BHS","Americas",-0.345581225504436,-75.5915543932309,23.8352950183594
"BLZ","Americas",-0.131556946653123,-88.1548480202966,17.5922658791779
"BOL","Americas",-0.557011485988115,-65.124395708148,-16.5572503673973
"BRA","Americas",0.839349234262416,-47.7992905218678,-8.3073938320962
"BRB","Americas",-0.136968045164045,-59.5462676154243,13.1609972847833
"CAN","Americas",0.479221406156013,-91.9674937987821,63.1882130991029
"CHL","Americas",0.596290098062989,-74.2218110484677,-48.4429255278251
"COL","Americas",-0.523772039512141,-75.4217686118149,3.03232050847292
"CRI","Americas",0.39400916929703,-84.0399375284525,9.75601683881946
"CUB","Americas",-1.09083102007181,-79.1382539308335,22.1501387259896
"DOM","Americas",0.128767435356872,-70.5055794715881,18.8251788105283
"ECU","Americas",-0.287422900278473,-86.8152823239196,-0.823231174471111
"GRD","Americas",0.0579486564046893,-61.7031682332357,12.0985622406006
"GTM","Americas",0.423657503064874,-90.199922909944,15.5853281518687
"GUY","Americas",0.795113346003548,-58.8046701411337,4.37551941356593
"HND","Americas",-0.245601643066363,-86.1980536046453,15.8228738661628
"HTI","Americas",0.68663535020304,-72.8460530935869,19.2334564610327
"JAM","Americas",-0.857755540479697,-77.2798380851746,18.1166504224141
"LCA","Americas",0.00817817487999055,-60.9675331115723,13.9114061355591
"MEX","Americas",0.119183201822278,-107.202117206199,24.7894297171888
"NIC","Americas",0.278528670105119,-84.818595235998,13.0755174268376
"PAN","Americas",0.0408524011982904,-80.4337463001695,8.39374561574905
"PER","Americas",-0.771788007698439,-73.975376627846,-7.44572269955114
"PRY","Americas",0.0893600115867842,-57.5828761089637,-23.7377891985823
"SLV","Americas",-0.163507472320475,-88.8160292135703,13.850656393412
"SUR","Americas",0.41667366515135,-56.0711611872134,3.72543920770935
"TTO","Americas",0.275906702666877,-61.3245666503906,10.4578532854716
"URY","Americas",-0.0986608767925227,-56.0183739828897,-32.2972610446957
"USA","Americas",1.6992184030005,-113.777736475322,45.3158715102978
"VCT","Americas",0.159037663748106,-61.1902400970459,13.2498044013977
"VEN","Americas",-0.0711825514099522,-63.4512107070321,9.44009023406709
"AFG","Eastern Mediterranean",0.426293271724093,67.5845043554538,34.9409846933876
"ARE","Eastern Mediterranean",0.604027443164435,54.1530557675155,24.4519909171173
"BHR","Eastern Mediterranean",0.388448991446665,50.5497066791241,26.0509618612436
"DJI","Eastern Mediterranean",-0.298021267428371,42.6347707339696,11.7522957835879
"EGY","Eastern Mediterranean",-0.193853033302786,30.7931735977354,27.6763009761162
"IRN","Eastern Mediterranean",0.898482980224743,54.4007402375999,30.169937426375
"IRQ","Eastern Mediterranean",1.11097823041264,44.5886123067831,33.7899801720877
"JOR","Eastern Mediterranean",0.447748524610108,36.7469280560811,31.329313715299
"KWT","Eastern Mediterranean",0.633576242075708,47.9486531813939,29.5610270032696
"LBN","Eastern Mediterranean",1.3709783063261,35.9691547886018,33.8413247754497
"LBY","Eastern Mediterranean",0.621248054084965,17.6940128274465,28.1859954878514
"MAR","Eastern Mediterranean",0.741015767626191,-9.02832483305879,28.4856708568076
"OMN","Eastern Mediterranean",-0.171945770927672,56.7775612258911,23.1819176745415
"PAK","Eastern Mediterranean",0.739848640915514,69.8040459427441,30.175477246687
"PSE","Eastern Mediterranean",0.618164483787767,34.7718689918518,31.6446125268936
"QAT","Eastern Mediterranean",0.454655309954924,51.1933564578786,25.1993050855749
"SAU","Eastern Mediterranean",0.619511974205093,40.2069878299711,22.8746721764592
"SDN","Eastern Mediterranean",0.433813722071941,30.1360399899067,13.9933258991113
"SOM","Eastern Mediterranean",0.0825648458664784,46.0446531642398,8.00216714142922
"SYR","Eastern Mediterranean",0.760820847766178,38.0793456806856,35.1244250353645
"TUN","Eastern Mediterranean",0.621855008531262,10.6278862076576,34.2556362730084
"YEM","Eastern Mediterranean",0.63298779988547,45.8006452345569,14.3392872155256
"ALB","Europe",-0.53155618166358,20.1092513768019,41.0970841804437
"ARM","Europe",-0.98726860355489,45.2487181093444,40.6030009061894
"AUT","Europe",-0.0129081210519451,13.473365685519,47.5797318991493
"AZE","Europe",-0.673456625815093,45.8044806290191,40.3428995053243
"BEL","Europe",0.461174878247521,4.73210363007762,50.5906272841377
"BGR","Europe",-0.578791720113296,24.9640957070463,42.6248570447528
"BIH","Europe",-0.243391713349432,18.1347891402571,44.0676244187028
"BLR","Europe",-0.260834046435005,28.1175854228367,53.5324117832837
"CHE","Europe",0.605461797287271,8.31295225582021,46.7415661327342
"CYP","Europe",-0.0165509266619046,33.3699079241071,35.0787000625164
"CZE","Europe",-0.0176567833722377,15.4237768093745,49.8840390205383
"DEU","Europe",0.391870537079531,10.3599105532095,53.8334209291424
"DNK","Europe",-0.0387364086815738,11.3128127705349,55.4634016147665
"ESP","Europe",0.172661799174887,1.21559920878008,39.6372975771211
"EST","Europe",0.0332747997957183,23.5346293289514,58.5935805534657
"FIN","Europe",0.42299374104685,21.8481641637298,61.3707229575694
"FRA","Europe",0.472605420345531,3.46196587993415,44.93774446295
"GBR","Europe",0.394227347889559,-4.57037745685808,57.1384689799521
"GEO","Europe",-0.824243207708085,43.8700507559427,42.0642349429247
"GRC","Europe",0.215507982674559,24.6771728461642,37.7579125808062
"HRV","Europe",-0.28809078095116,15.9026488039015,43.949631843945
"HUN","Europe",-0.361406730290923,19.4239312822574,47.2322648663387
"IRL","Europe",0.589159857865714,-9.21717440495726,53.718868024232
"ISL","Europe",-0.129465074845254,-19.8672900189364,65.3084188128676
"ISR","Europe",-0.118599377996437,35.2103470211937,31.8765000479562
"ITA","Europe",0.379419416323127,10.9994264271948,40.2606614499558
"KAZ","Europe",-0.369768678758513,54.807835971463,45.8463886822009
"KGZ","Europe",-0.703471440933394,71.7000166078018,40.2071915343622
"LTU","Europe",0.0074157232158227,22.6621123149477,55.245916353423
"LUX","Europe",0.394375889333709,6.06234932982403,49.7626318724259
"LVA","Europe",-0.399358691081191,25.3694844927107,56.8674788066319
"MDA","Europe",-0.829662349397507,28.5453013861739,47.0632795295459
"MKD","Europe",-0.471088459214542,21.6497263496305,41.636208663752
"MLT","Europe",-0.106345274569504,14.3708497285843,35.9616270065308
"MNE","Europe",-0.576657575490688,19.2575248013372,42.8171734602555
"NLD","Europe",-0.0257147824467619,5.14132065172983,52.664828735704
"NOR","Europe",0.337031084875656,16.789200923135,70.65026269797
"POL","Europe",-0.144617420798419,19.0865157193775,51.4099779370465
"PRT","Europe",0.465375114523058,-7.88703512632719,39.9308394770468
"ROU","Europe",-0.696602527561907,24.5292120675971,45.8446484725841
"RUS","Europe",-0.132535480221569,100.525870235521,69.7238230642151
"SRB","Europe",-0.833575561120511,20.7511689761158,44.2524472068758
"SVK","Europe",-0.383443667449158,19.6205913280619,48.8381906706711
"SVN","Europe",0.0746486292892119,14.8436923532775,46.12320394227
"SWE","Europe",0.116460885149064,18.1685075301851,58.9003501920989
"TJK","Europe",-0.835538725101543,70.6540391190434,39.8991661207191
"TKM","Europe",-0.690663933144771,55.7616462034338,39.2292356305964
"TUR","Europe",0.157263750348959,29.5500818236735,40.0245707649396
"UKR","Europe",-0.0581600200848938,31.4982658720302,47.3791976317674
"UZB","Europe",-0.718039521184039,69.7928339123711,40.5482722395192
"BGD","South-East Asia",0.605124613588767,91.148772507588,22.4859679023009
"BTN","South-East Asia",0.212349733650601,90.5843077087402,27.4026597976685
"IND","South-East Asia",0.573262590168106,89.4575194762274,10.8427009212228
"LKA","South-East Asia",0.248028070607685,80.1269441879217,9.00263045784226
"MDV","South-East Asia",-1.4338769309298,73.4582096654126,3.72717100025242
"MMR","South-East Asia",-0.693187330118148,96.7726147099679,14.4865384457947
"NPL","South-East Asia",0.709033594348534,84.3221619483268,28.0968792887017
"THA","South-East Asia",-0.410830762206795,99.975125071359,9.59219421802824
"TLS","South-East Asia",-0.314213607814396,125.223434749352,-8.80744002319689
"AUS","Western Pacific",1.03402878609477,140.863467276482,-24.5389488019316
"BRN","Western Pacific",-0.224363056112531,114.896935462952,4.5656396150589
"CHN","Western Pacific",-1.28541298364982,115.792014038439,25.3719118963031
"FJI","Western Pacific",-0.68837497253588,39.4383553631291,-17.8449626891474
"FSM","Western Pacific",-0.980795892351078,152.565611987229,7.30236058687182
"IDN","Western Pacific",-1.16503794698476,119.238694591472,-2.97410731201477
"JPN","Western Pacific",-0.693261702703933,132.62470363813,33.1610525849145
"KHM","Western Pacific",-0.707828063415392,103.845188104189,11.5798477927844
"KIR","Western Pacific",-0.795782708478726,-4.3946081205391,-1.34618153521699
"KOR","Western Pacific",-0.107794717144439,127.366555946659,35.3671021335631
"LAO","Western Pacific",-0.881855739328178,103.795938345102,18.4368892791944
"MNG","Western Pacific",-0.447792424061512,102.917947292328,47.7782551672148
"MYS","Western Pacific",-0.648107441595468,107.625389284152,4.39236636146541
"NZL","Western Pacific",0.95003279504519,64.277622643687,-38.8813859225371
"PHL","Western Pacific",-0.943935356333077,122.558921766077,11.6903949556652
"PNG","Western Pacific",-0.241013008844024,150.205917406503,-6.23297109073128
"SGP","Western Pacific",-1.08707217087775,103.866559346517,1.36641702387068
"SLB","Western Pacific",-0.849689990619405,159.40849315768,-8.97101004415328
"TON","Western Pacific",-0.701566794574444,-174.709537718031,-20.3761267370648
"VNM","Western Pacific",-1.23031612461955,106.587385501864,16.2228763185006
"VUT","Western Pacific",-0.835958283446914,168.129635815351,-16.4777712334988
"WSM","Western Pacific",-0.556177679673475,-172.08504989121,-13.7866715284494
