"iso3","region","year","lex_wpp","gap_projected"
"AFG","Eastern Mediterranean",2100,77.3068,11.2509059822257
"AGO","Africa",2100,75.0297,9.74879471243054
"ALB","Europe",2100,90.0029,10.7153317732452
"ARE","Eastern Mediterranean",2100,91.5556,15.0700133728298
"ARG","Americas",2100,87.7408,12.2338125819617
"ARM","Europe",2100,86.5504,10.8468281113765
"ATG","Americas",2100,88.3843,13.4324572828483
"AUS","Western Pacific",2100,92.6173,14.9182188640068
"AUT","Europe",2100,91.5297,12.9756669159929
"AZE","Europe",2100,85.5825,10.6226301097809
"BDI","Africa",2100,73.5784,9.38032137363368
"BEL","Europe",2100,91.4159,14.2538924963445
"BEN","Africa",2100,70.6723,8.90778983252882
"BFA","Africa",2100,71.607,8.29603438799851
"BGD","South-East Asia",2100,88.3358,12.3739767513605
"BGR","Europe",2100,86.5156,10.8834475137705
"BHR","Eastern Mediterranean",2100,90.5248,13.902085928532
"BHS","Americas",2100,85.3408,12.0016866457493
"BIH","Europe",2100,88.8184,11.5188685743972
"BLR","Europe",2100,85.8591,11.0374400936695
"BLZ","Americas",2100,85.4019,12.2522374826945
"BOL","Americas",2100,79.6161,10.159451889547
"BRA","Americas",2100,86.7963,11.353658236657
"BRB","Americas",2100,86.8615,13.0070128064796
"BRN","Western Pacific",2100,86.5449,11.4893926510435
"BTN","South-East Asia",2100,86.9276,11.4753833812355
"BWA","Africa",2100,79.1276,11.079163012961
"CAF","Africa",2100,70.968,8.8251879274634
"CAN","Americas",2100,91.7461,15.2337073831246
"CHE","Europe",2100,92.7925,13.7873207480623
"CHL","Americas",2100,91.2506,14.0895231923351
"CHN","Western Pacific",2100,89.7949,10.8681937394271
"CIV","Africa",2100,71.8479,9.01740706266511
"CMR","Africa",2100,77.0877,9.22391183455122
"COD","Africa",2100,71.9194,8.912778118626
"COG","Africa",2100,77.4234,10.0132396878924
"COL","Americas",2100,88.8661,11.664037094429
"COM","Africa",2100,79.8397,9.36520362188309
"CPV","Africa",2100,87.5686,11.2890841579395
"CRI","Americas",2100,91.1553,14.7641645299911
"CUB","Americas",2100,88.8225,11.977983161006
"CYP","Europe",2100,91.3547,12.994388580622
"CZE","Europe",2100,89.4359,13.2203067348212
"DEU","Europe",2100,90.7835,14.5702167263677
"DJI","Eastern Mediterranean",2100,78.1348,9.1281794460088
"DNK","Europe",2100,91.1313,12.6701402600167
"DOM","Americas",2100,83.4595,13.2327849337189
"DZA","Africa",2100,88.1243,12.7450952677883
"ECU","Americas",2100,88.0307,12.2815300607468
"EGY","Eastern Mediterranean",2100,83.4718,11.0501274840673
"ERI","Africa",2100,81.9886,9.81640805803071
"ESP","Europe",2100,92.869,14.5441125519765
"EST","Europe",2100,89.1951,12.2326045237129
"ETH","Africa",2100,81.5584,10.7640291642757
"FIN","Europe",2100,91.2743,12.7237888452966
"FJI","Western Pacific",2100,77.173,9.93606969142334
"FRA","Europe",2100,92.1419,14.0517539728491
"FSM","Western Pacific",2100,77.4363,10.1664826384156
"GAB","Africa",2100,79.7546,10.5451404881887
"GBR","Europe",2100,90.5874,14.0840271989032
"GEO","Europe",2100,85.4562,11.8972283694457
"GHA","Africa",2100,77.0578,9.15824177124999
"GIN","Africa",2100,70.5498,8.7186628083721
"GMB","Africa",2100,76.4744,9.65401034683261
"GNB","Africa",2100,74.0522,8.99508431198949
"GNQ","Africa",2100,75.3895,9.6243846098004
"GRC","Europe",2100,91.3846,12.3317837364683
"GRD","Americas",2100,85.9621,13.4125164265367
"GTM","Americas",2100,83.0807,11.6387369404442
"GUY","Americas",2100,80.4343,12.3239080387382
"HND","Americas",2100,84.6239,11.5724702947242
"HRV","Europe",2100,88.9632,12.1593183565009
"HTI","Americas",2100,75.2788,10.5600603093059
"HUN","Europe",2100,88.026,11.1150690559202
"IDN","Western Pacific",2100,81.8755,9.03162133208117
"IND","South-East Asia",2100,85.2965,11.4278850980545
"IRL","Europe",2100,91.7541,13.9032574103823
"IRN","Eastern Mediterranean",2100,89.3035,14.1099123630781
"IRQ","Eastern Mediterranean",2100,81.5802,12.2270474100562
"ISL","Europe",2100,92.0137,12.8141540322372
"ISR","Europe",2100,91.5451,12.9736148209509
"ITA","Europe",2100,92.7648,12.7976201938694
"JAM","Americas",2100,81.6824,10.5019510792768
"JOR","Eastern Mediterranean",2100,88.6082,13.8176718492072
"JPN","Western Pacific",2100,94.3965,12.5081002465845
"KAZ","Europe",2100,85.1461,10.9160773057029
"KEN","Africa",2100,74.362,8.97790837159584
"KGZ","Europe",2100,83.0009,9.83122741524952
"KHM","Western Pacific",2100,81.1414,9.3581908321301
"KIR","Western Pacific",2100,75.1184,8.92360900871518
"KOR","Western Pacific",2100,93.1426,13.5504232062423
"KWT","Eastern Mediterranean",2100,90.598,14.7459308316378
"LAO","Western Pacific",2100,81.3174,9.21891707597955
"LBN","Eastern Mediterranean",2100,87.5915,14.6887200369087
"LBR","Africa",2100,71.5153,10.3399600753575
"LBY","Eastern Mediterranean",2100,86.5713,11.2097063453374
"LCA","Americas",2100,83.7633,12.5139394172812
"LKA","South-East Asia",2100,88.7112,12.44631331719
"LSO","Africa",2100,74.6811,11.0851088295907
"LTU","Europe",2100,86.7543,11.8859341029509
"LUX","Europe",2100,91.141,12.8573793592831
"LVA","Europe",2100,86.5899,11.0620662877254
"MAR","Eastern Mediterranean",2100,86.2482,12.3403589620829
"MDA","Europe",2100,81.9119,10.3551024435865
"MDG","Africa",2100,74.7455,8.02035401546106
"MDV","South-East Asia",2100,91.6147,10.9474458746399
"MEX","Americas",2100,86.781,12.5122332271639
"MKD","Europe",2100,87.5052,11.3463221066498
"MLI","Africa",2100,71.5267,8.85098143833356
"MLT","Europe",2100,92.3156,13.6893276473489
"MMR","South-East Asia",2100,79.0509,9.41211720287105
"MNE","Europe",2100,87.8551,11.6535103347672
"MNG","Western Pacific",2100,85.6567,11.1278539244328
"MOZ","Africa",2100,74.1717,8.73924286592096
"MRT","Africa",2100,81.1747,9.88327232057229
"MUS","Africa",2100,86.9777,13.4182411356537
"MWI","Africa",2100,78.6081,9.56750723989614
"MYS","Western Pacific",2100,87.8764,11.4354153174724
"NAM","Africa",2100,77.318,10.2860427873969
"NER","Africa",2100,73.0601,8.66336434433204
"NGA","Africa",2100,64.725,8.39616181329705
"NIC","Americas",2100,85.8501,12.3003055937992
"NLD","Europe",2100,91.5346,14.0128029585074
"NOR","Europe",2100,92.0957,12.7980861406011
"NPL","South-East Asia",2100,83.6776,10.7299369693668
"NZL","Western Pacific",2100,90.9882,14.2742774546991
"OMN","Eastern Mediterranean",2100,90.3996,11.5985664010961
"PAK","Eastern Mediterranean",2100,78.1692,11.227812787205
"PAN","Americas",2100,90.1321,13.7736597579917
"PER","Americas",2100,88.3504,11.3875644088264
"PHL","Western Pacific",2100,80.3549,12.126178011756
"PNG","Western Pacific",2100,74.7637,9.27207629629719
"POL","Europe",2100,89.0023,11.8051840859257
"PRI","Americas",2100,91.0403,13.6118731651074
"PRK","South-East Asia",2100,83.7817,9.12278287869197
"PRT","Europe",2100,91.8704,13.0106708483993
"PRY","Americas",2100,84.2444,11.2566921008142
"PSE","Eastern Mediterranean",2100,87.5452,13.0282461464135
"QAT","Eastern Mediterranean",2100,90.8842,14.1703839963818
"ROU","Europe",2100,86.9242,10.6811437638251
"RUS","Europe",2100,84.9791,11.0964266690984
"RWA","Africa",2100,80.2675,10.3034093412607
"SAU","Eastern Mediterranean",2100,90.3425,14.0429089426377
"SDN","Eastern Mediterranean",2100,78.0972,10.5891345400493
"SEN","Africa",2100,80.871,10.3457329585254
"SGP","Western Pacific",2100,92.6994,11.6033449747064
"SLB","Western Pacific",2100,80.7395,10.606214429963
"SLE","Africa",2100,72.0344,8.64905927188331
"SLV","Americas",2100,85.326,11.993070636561
"SOM","Eastern Mediterranean",2100,68.5568,8.55707593725408
"SRB","Europe",2100,88.2942,11.5381357533139
"SSD","Africa",2100,66.1641,8.80151771311768
"STP","Africa",2100,81.6331,9.94047127635127
"SUR","Americas",2100,84.53,13.1731055123647
"SVK","Europe",2100,88.7622,11.9126417846883
"SVN","Europe",2100,91.0775,13.1139506623901
"SWE","Europe",2100,92.1825,14.3806612122466
"SWZ","Africa",2100,73.2128,10.1204893982351
"SYC","Africa",2100,84.2638,12.4322699473955
"SYR","Eastern Mediterranean",2100,83.9709,10.8302640527397
"TCD","Africa",2100,65.2975,8.36811793252339
"TGO","Africa",2100,73.8808,8.80456241614785
"THA","South-East Asia",2100,88.4137,11.7536619211891
"TJK","Europe",2100,81.9388,9.87224268571073
"TKM","Europe",2100,80.503,9.63924040919299
"TLS","South-East Asia",2100,79.0406,7.39110308702618
"TON","Western Pacific",2100,83.5282,11.6613526482068
"TTO","Americas",2100,84.1382,12.6602091971726
"TUN","Eastern Mediterranean",2100,88.3126,13.9563647309227
"TUR","Europe",2100,88.5993,12.1024685500513
"TZA","Africa",2100,79.1842,9.8279499314791
"UGA","Africa",2100,81.1015,10.4821821458528
"UKR","Europe",2100,85.5753,11.6348386620157
"URY","Americas",2100,88.4657,13.4023635101047
"USA","Americas",2100,89.1705,17.6414687875192
"UZB","Europe",2100,82.9908,10.1156656169352
"VCT","Americas",2100,81.8876,12.1382555727553
"VEN","Americas",2100,84.1683,12.0271364934373
"VNM","Western Pacific",2100,86.0763,9.87433513323237
"VUT","Western Pacific",2100,82.9974,10.4608041097792
"WSM","Western Pacific",2100,81.6869,10.0424288622962
"YEM","Eastern Mediterranean",2100,78.8705,11.3955675278938
"ZAF","Africa",2100,77.331,11.7500237259155
"ZMB","Africa",2100,77.3205,10.0952109280657
"ZWE","Africa",2100,77.1846,9.90611861302965
