"iso3","region","intercept","slope","n_years"
"AFG","Eastern Mediterranean",-0.227759898083566,0.148481968989911,20
"AGO","Africa",0.38636659722374,0.12478296081694,20
"ALB","Europe",2.74531626388553,0.0885528745113728,20
"ARE","Eastern Mediterranean",-14.8962248997242,0.327300987296835,20
"ARG","Americas",-4.68508610258568,0.192828178960614,20
"ARM","Europe",-2.72346072960997,0.156790596473112,20
"ATG","Americas",-11.4861498380753,0.281934768063147,20
"AUS","Western Pacific",-8.3917349904859,0.251680343245729,20
"AUT","Europe",-3.07683340038512,0.175380235228325,20
"AZE","Europe",-3.48698932536518,0.164865707769066,20
"BDI","Africa",0.094510128400981,0.12620295148077,20
"BEL","Europe",-10.2084603111234,0.267594070697416,20
"BEN","Africa",1.95799390560238,0.0983383295425002,20
"BFA","Africa",2.93071166607742,0.0749273495876254,20
"BGD","South-East Asia",-2.00922278295083,0.162824127186388,20
"BGR","Europe",-0.749802305848821,0.134464187032388,20
"BHR","Eastern Mediterranean",-9.34572048955071,0.256811464019614,20
"BHS","Americas",-6.991171833535,0.222553086909008,20
"BIH","Europe",1.05314791383694,0.117832798840784,20
"BLR","Europe",-1.70189811300633,0.148374932961978,20
"BLZ","Americas",-8.49260145163709,0.2429084005664,20
"BOL","Americas",-0.642527967364201,0.135675822564923,20
"BRA","Americas",7.88291670682434,0.0399872060195265,20
"BRB","Americas",-13.1968528512363,0.301674109446831,20
"BRN","Western Pacific",-6.3324587557475,0.205926073134188,20
"BTN","South-East Asia",0.340644507804728,0.128092100477073,20
"BWA","Africa",-1.60130472995964,0.160253410225012,20
"CAF","Africa",1.20724803676884,0.107343308120485,20
"CAN","Americas",-18.6176781292165,0.368968114310484,20
"CHE","Europe",-3.94547426772125,0.191101597820767,20
"CHL","Americas",-7.98787717001667,0.241942522705076,20
"CHN","Western Pacific",-4.63492491800575,0.172650324878505,20
"CIV","Africa",0.732916944987536,0.115305946557625,20
"CMR","Africa",1.46556411137846,0.100643134030108,20
"COD","Africa",4.38095068179235,0.063012586824051,20
"COG","Africa",-0.0425166325723542,0.129880066239209,20
"COL","Americas",-1.63922347365502,0.149700060744019,20
"COM","Africa",1.99350424877707,0.0923312509078319,20
"CPV","Africa",0.027599000692483,0.128601863650293,20
"CRI","Americas",-16.1404445678087,0.339032498360488,20
"CUB","Americas",-4.94606413418041,0.190537840020112,20
"CYP","Europe",-5.7927782786097,0.205650796940187,20
"CZE","Europe",-8.13384659627709,0.238764895652622,20
"DEU","Europe",-13.5880044762809,0.310168931608152,20
"DJI","Eastern Mediterranean",0.780394935401229,0.106838239946958,20
"DNK","Europe",-3.38183344239166,0.176141168867429,20
"DOM","Americas",-17.3620109873582,0.366582545079675,20
"DZA","Africa",-5.52037407417141,0.207269383608831,20
"ECU","Americas",-6.09516947350839,0.208753304634124,20
"EGY","Eastern Mediterranean",-3.25195469776,0.171340287160782,20
"ERI","Africa",2.12914947833124,0.0937600907894448,20
"ESP","Europe",-14.8287839317956,0.3162831136738,20
"EST","Europe",-3.36287663732768,0.17484683756216,20
"ETH","Africa",-1.03596763459639,0.144681563136012,20
"FIN","Europe",0.835553326164649,0.130247348039174,20
"FJI","Western Pacific",-5.55737428794002,0.200762494387459,20
"FRA","Europe",-7.40533146988748,0.232870012912003,20
"FSM","Western Pacific",-5.8527522996222,0.206869839313575,20
"GAB","Africa",0.118769481208037,0.130730653867998,20
"GBR","Europe",-11.0159931886857,0.277080702035701,20
"GEO","Europe",-9.52999331353265,0.250739228785955,20
"GHA","Africa",1.20993536260602,0.103147331076724,20
"GIN","Africa",0.320533540752594,0.11903831432009,20
"GMB","Africa",0.719593386777094,0.116828859854481,20
"GNB","Africa",0.155930128245849,0.119363829619426,20
"GNQ","Africa",2.00448679522039,0.101073727967157,20
"GRC","Europe",1.78122275242372,0.115452286096832,20
"GRD","Americas",-13.02063135048,0.307497696973628,20
"GTM","Americas",0.555201030446732,0.133406867178508,20
"GUY","Americas",-6.31240408500283,0.23169608144462,20
"HND","Americas",-3.50492037294005,0.178169413932284,20
"HRV","Europe",-4.55844667911684,0.187917757405509,20
"HTI","Americas",-2.0366274338623,0.167333801059105,20
"HUN","Europe",0.927392280889384,0.115734859871297,20
"IDN","Western Pacific",1.42864225707106,0.0928602460444225,20
"IND","South-East Asia",2.46791322261862,0.105045012109944,20
"IRL","Europe",-8.21579986347155,0.241068870751867,20
"IRN","Eastern Mediterranean",-7.53611467439127,0.242387219285576,20
"IRQ","Eastern Mediterranean",-3.81577214965372,0.196650897640725,20
"ISL","Europe",-3.82074097957123,0.180787154649889,20
"ISR","Europe",-5.62203899315846,0.203131066699467,20
"ITA","Europe",0.468247532017078,0.132910033351577,20
"JAM","Americas",-5.33426908299378,0.193875549228115,20
"JOR","Eastern Mediterranean",-10.5929606826199,0.27548954308774,20
"JPN","Western Pacific",-2.29643667350828,0.156833536413879,20
"KAZ","Europe",-1.39358918570638,0.144571113549643,20
"KEN","Africa",1.17788174930854,0.104892641702581,20
"KGZ","Europe",-0.44537983681479,0.123813202652794,20
"KHM","Western Pacific",2.02102860041977,0.0904243978007568,20
"KIR","Western Pacific",0.287038839816368,0.114972765246582,20
"KOR","Western Pacific",-9.42859398521769,0.2467079208811,20
"KWT","Eastern Mediterranean",-15.4682436342382,0.333497146359477,20
"LAO","Western Pacific",-0.180750609443089,0.115592329383658,20
"LBN","Eastern Mediterranean",-15.0873998801474,0.339943030054926,20
"LBR","Africa",1.87578486487164,0.118354746613463,20
"LBY","Eastern Mediterranean",2.80558766326223,0.0970774226802086,20
"LCA","Americas",-10.4303264131735,0.273917883255013,20
"LKA","South-East Asia",-4.77059410197677,0.194078170728913,20
"LSO","Africa",-3.11264776894005,0.190111776587795,20
"LTU","Europe",-3.21430401237479,0.174057517786734,20
"LUX","Europe",-3.50022937046178,0.179475853125869,20
"LVA","Europe",-0.789972855560729,0.136875537947106,20
"MAR","Eastern Mediterranean",-2.63621609703458,0.173645073857976,20
"MDA","Europe",-3.87660329781045,0.173744056008918,20
"MDG","Africa",5.3085060915305,0.0362810861380359,20
"MDV","South-East Asia",-0.679488440355576,0.126911230566661,20
"MEX","Americas",-3.91585584935126,0.189305136798552,20
"MKD","Europe",-2.66294279832937,0.160096370329754,20
"MLI","Africa",2.00333559906108,0.0957355202920374,20
"MLT","Europe",-10.9788377848969,0.26721556738239,20
"MMR","South-East Asia",-0.990334705347398,0.131591821322951,20
"MNE","Europe",-4.63938874486905,0.185451943935369,20
"MNG","Western Pacific",-2.85262152381081,0.163215200308249,20
"MOZ","Africa",3.60552763432902,0.0692139351206989,20
"MRT","Africa",0.497446758043169,0.115625010779579,20
"MUS","Africa",-10.9811785895559,0.280525004974948,20
"MWI","Africa",0.0845351325706452,0.12063606813198,20
"MYS","Western Pacific",-3.86264747878483,0.174086134573757,20
"NAM","Africa",-2.43458468128029,0.16452349347729,20
"NER","Africa",1.56387028304434,0.0971733416911242,20
"NGA","Africa",2.52272753622641,0.0907444461501837,20
"NIC","Americas",-1.59195155459379,0.161819929719278,20
"NLD","Europe",-14.2917799450526,0.309222773722286,20
"NOR","Europe",-1.24550324880563,0.152489088952109,20
"NPL","South-East Asia",4.7952616073817,0.0709231068049888,20
"NZL","Western Pacific",-8.01660448859537,0.244986514111659,20
"OMN","Eastern Mediterranean",0.123768426331163,0.12693416757115,20
"PAK","Eastern Mediterranean",-2.89249085694187,0.180637689066114,20
"PAN","Americas",-11.1281460470658,0.27628121174429,20
"PER","Americas",0.176110916271466,0.126897597436514,20
"PHL","Western Pacific",-16.0071360541417,0.350113235980603,20
"PNG","Western Pacific",-0.877456339027476,0.135754819990512,20
"POL","Europe",-1.41158030062388,0.148499133017345,20
"PRI","Americas",-8.15440359234656,0.239083974431696,20
"PRK","South-East Asia",-0.808162862391319,0.118533590761268,20
"PRT","Europe",-1.20600003601985,0.154747022810602,20
"PRY","Americas",2.09793983119269,0.108716452008934,20
"PSE","Eastern Mediterranean",-4.81708347696379,0.20384132566237,20
"QAT","Eastern Mediterranean",-10.7907387831036,0.274647549073276,20
"ROU","Europe",0.110707444104182,0.121605218336446,20
"RUS","Europe",-0.768807416097915,0.139625320639973,20
"RWA","Africa",0.552287723129281,0.121482812073772,20
"SAU","Eastern Mediterranean",-7.66457393074777,0.240279855808567,20
"SDN","Eastern Mediterranean",-0.469079113700179,0.141595520117872,20
"SEN","Africa",0.703857402204204,0.119225378149414,20
"SGP","Western Pacific",-4.46569137643417,0.173345634935508,20
"SLB","Western Pacific",-5.82159722680772,0.203466849023969,20
"SLE","Africa",2.36075367508124,0.0872958697067244,20
"SLV","Americas",-2.90275282784903,0.174575433799897,20
"SOM","Eastern Mediterranean",-1.39100024324848,0.145107067139986,20
"SRB","Europe",-3.85420182642324,0.174330109789059,20
"SSD","Africa",2.35720287035304,0.0973989647371405,20
"STP","Africa",-0.198883603397094,0.124206417246783,20
"SUR","Americas",-11.0119824446783,0.286112480267869,20
"SVK","Europe",-2.26692768135123,0.159747837097768,20
"SVN","Europe",-4.54892543726141,0.193932377367094,20
"SWE","Europe",-16.0045582468433,0.329620258282102,20
"SWZ","Africa",-2.43625489555316,0.171510231732542,20
"SYC","Africa",-15.5618589948602,0.332220110441919,20
"SYR","Eastern Mediterranean",0.450486845810018,0.123611598862579,20
"TCD","Africa",0.415159110991651,0.121795762801512,20
"TGO","Africa",1.57809171162555,0.0978125670610267,20
"THA","South-East Asia",-3.56405800101635,0.173250524773937,20
"TJK","Europe",-1.03260208893002,0.133085238917836,20
"TKM","Europe",-1.45351829425906,0.137793109616437,20
"TLS","South-East Asia",14.4252958145074,-0.0889946777666318,20
"TON","Western Pacific",-10.6502153010465,0.267114195556152,20
"TTO","Americas",-9.47718819437185,0.263107570539238,20
"TUN","Eastern Mediterranean",-11.6098370991397,0.289496649742645,20
"TUR","Europe",-1.38806037535138,0.152264509148522,20
"TZA","Africa",0.715114046708072,0.115084017831474,20
"UGA","Africa",0.383448782503771,0.124519686606895,20
"UKR","Europe",-2.92727661594207,0.17016727113966,20
"URY","Americas",-11.5893261665851,0.282501463015495,20
"USA","Americas",-27.7935488064466,0.509529694169774,20
"UZB","Europe",-2.43609477309034,0.151242793056888,20
"VCT","Americas",-11.8678911421498,0.293159730104498,20
"VEN","Americas",-7.89920345829182,0.236743999245905,20
"VNM","Western Pacific",-1.21811896184602,0.12886769174649,20
"VUT","Western Pacific",-4.02978633886284,0.174590896204484,20
"WSM","Western Pacific",-1.07194300309373,0.13606063965446,20
"YEM","Eastern Mediterranean",-0.994649359845505,0.157095706097202,20
"ZAF","Africa",-3.23032160927293,0.193717207008682,20
"ZMB","Africa",-0.347928532409169,0.135063009945291,20
"ZWE","Africa",-1.63714433548107,0.149553964761244,20
