"region","year","mean_gap","sem","n","lwr","upr"
"Africa",2019,8.09402683149224,0.127820482997465,47,7.84349868481721,8.34455497816727
"Africa",2020,8.13919202261466,0.104910315866393,47,7.93356780351653,8.34481624171279
"Africa",2021,8.0243555537558,0.109239025693044,47,7.81024706339744,8.23846404411417
"Africa",2022,8.16179720448605,0.145776002518704,47,7.87607623954939,8.44751816942271
"Africa",2023,8.3383743210103,0.103938187818565,47,8.13465547288591,8.54209316913469
"Africa",2024,8.36363846028535,0.104468907294291,47,8.15887940198853,8.56839751858216
"Africa",2025,8.38837662487133,0.105055474392238,47,8.18246789506255,8.59428535468012
"Africa",2026,8.41291533704916,0.105657587405497,47,8.20582646573439,8.62000420836394
"Africa",2027,8.43725707052332,0.106287402797321,47,8.22893376104057,8.64558038000607
"Africa",2028,8.46103641030568,0.106941452418791,47,8.25143116356485,8.67064165704651
"Africa",2029,8.48429253741528,0.10761552733964,47,8.27336610382959,8.69521897100098
"Africa",2030,8.50757719275992,0.1082840978848,47,8.29534036090571,8.71981402461412
"Africa",2031,8.53026336867445,0.108985053267326,47,8.31665266427049,8.74387407307841
"Africa",2032,8.55290382871831,0.1096822565316,47,8.33792660591638,8.76788105152025
"Africa",2033,8.57532121602542,0.110422636174957,47,8.35889284912251,8.79174958292834
"Africa",2034,8.5974098836362,0.11116657231424,47,8.3795234019003,8.81529636537211
"Africa",2035,8.61916458187335,0.111937635888559,47,8.39976681553177,8.83856234821492
"Africa",2036,8.64064614323775,0.112730803122676,47,8.4196937691173,8.8615985173582
"Africa",2037,8.66223997497347,0.113527174061857,47,8.43972671381223,8.88475323613471
"Africa",2038,8.68345872313887,0.114340408866952,47,8.45935152175964,8.9075659245181
"Africa",2039,8.7044038373526,0.115197239418065,47,8.4786172480932,8.93019042661201
"Africa",2040,8.72493102437179,0.116059732972183,47,8.49745394774631,8.95240810099727
"Africa",2041,8.7453249080937,0.116881080345625,47,8.51623799061627,8.97441182557112
"Africa",2042,8.76576430838535,0.117720003054272,47,8.53503310239898,8.99649551437173
"Africa",2043,8.78599947616782,0.118612559543616,47,8.55351885946233,9.01848009287331
"Africa",2044,8.80583160586329,0.119497475089963,47,8.57161655468696,9.04004665703961
"Africa",2045,8.82564080401914,0.120392198369075,47,8.58967209521575,9.06160951282253
"Africa",2046,8.84527880737101,0.1213104889808,47,8.60751024896864,9.08304736577338
"Africa",2047,8.86478863644969,0.1222206667332,47,8.62523612965262,9.10434114324677
"Africa",2048,8.8843055646689,0.1231894076907,47,8.64285432559513,9.12575680374268
"Africa",2049,8.90352447727564,0.124112104077271,47,8.66026475328419,9.14678420126709
"Africa",2050,8.92283867807052,0.125061605819245,47,8.6777179306648,9.16795942547624
"Africa",2051,8.94206735671367,0.125996088687217,47,8.69511502288672,9.18901969054061
"Africa",2052,8.96079193957916,0.12698235562848,47,8.71190652254734,9.20967735661098
"Africa",2053,8.97950230194126,0.127959716946044,47,8.72870125672701,9.2303033471555
"Africa",2054,8.99829480568014,0.128929524911736,47,8.74559293685314,9.25099667450714
"Africa",2055,9.01663029441852,0.129896722999574,47,8.76203271733936,9.27122787149769
"Africa",2056,9.03513497530324,0.130858190473646,47,8.77865292197489,9.29161702863159
"Africa",2057,9.05359355592122,0.131854570579242,47,8.79515859758591,9.31202851425654
"Africa",2058,9.07177390872643,0.132836831272629,47,8.81141371943208,9.33213409802079
"Africa",2059,9.08980217993374,0.133785645859568,47,8.82758231404898,9.35202204581849
"Africa",2060,9.10821765372901,0.134769091655676,47,8.84407023408389,9.37236507337414
"Africa",2061,9.12642429391707,0.135744109731307,47,8.86036583884371,9.39248274899043
"Africa",2062,9.14421255719018,0.136734349007602,47,8.87621323313528,9.41221188124508
"Africa",2063,9.16209461589625,0.13773547927233,47,8.89213307652249,9.43205615527002
"Africa",2064,9.18016869794891,0.138741365690737,47,8.90823562119507,9.45210177470276
"Africa",2065,9.19791823593111,0.139733069794115,47,8.92404141913464,9.47179505272758
"Africa",2066,9.21562723818539,0.140756579497285,47,8.93974434237071,9.49151013400007
"Africa",2067,9.23356738589867,0.141740225510095,47,8.95575654389888,9.51137822789845
"Africa",2068,9.25103980833379,0.142690740024631,47,8.97136595788551,9.53071365878206
"Africa",2069,9.26866995042259,0.143699793060084,47,8.98701835602483,9.55032154482036
"Africa",2070,9.28619509323307,0.144717266805831,47,9.00254925029364,9.5698409361725
"Africa",2071,9.30380048228109,0.145703371565262,47,9.01822187401317,9.589379090549
"Africa",2072,9.3211828015896,0.146689081639595,47,9.03367220157599,9.6086934016032
"Africa",2073,9.33842523897344,0.14769948940872,47,9.04893423973235,9.62791623821453
"Africa",2074,9.35569368599563,0.148703135572069,47,9.06423554027437,9.64715183171688
"Africa",2075,9.37308132868545,0.149690269925818,47,9.07968839963085,9.66647425774006
"Africa",2076,9.39030083724179,0.150674153760722,47,9.09497949587077,9.6856221786128
"Africa",2077,9.40733294244092,0.151602354186452,47,9.11019232823547,9.70447355664637
"Africa",2078,9.42429306753376,0.152559956778533,47,9.12527555224784,9.72331058281969
"Africa",2079,9.44132837732281,0.153526029971821,47,9.14041735857804,9.74223939606758
"Africa",2080,9.45844028836501,0.154475093210997,47,9.15566910567146,9.76121147105856
"Africa",2081,9.47525350924242,0.155372039192945,47,9.17072431242425,9.77978270606059
"Africa",2082,9.49208628598068,0.156320139682752,47,9.18569881220249,9.79847375975888
"Africa",2083,9.50904307523013,0.157278304508362,47,9.20077759839374,9.81730855206652
"Africa",2084,9.525833431478,0.158240889423449,47,9.21568128820804,9.83598557474796
"Africa",2085,9.54272422853677,0.159174611455916,47,9.23074199008317,9.85470646699036
"Africa",2086,9.55959668694358,0.160116250842891,47,9.24576883529151,9.87342453859564
"Africa",2087,9.57639303125446,0.161032019424731,47,9.26077027318199,9.89201578932693
"Africa",2088,9.59298075945903,0.161916391355994,47,9.27562463240128,9.91033688651678
"Africa",2089,9.60968027340362,0.16279838077482,47,9.29059544708498,9.92876509972227
"Africa",2090,9.62634320230501,0.163742552236065,47,9.30540779992232,9.9472786046877
"Africa",2091,9.64272860079191,0.164618981424214,47,9.32007539720045,9.96538180438337
"Africa",2092,9.65912265595146,0.165467313506813,47,9.33480672147811,9.98343859042482
"Africa",2093,9.67537118797193,0.166315544517043,47,9.34939272071853,10.0013496552253
"Africa",2094,9.69181420286991,0.167159331628126,47,9.36418191287878,10.019446492861
"Africa",2095,9.70843409549527,0.168075944180886,47,9.37900524490074,10.0378629460898
"Africa",2096,9.72495018980487,0.168956580347183,47,9.39379529232439,10.0561050872853
"Africa",2097,9.74116959480932,0.169844726405807,47,9.40827393105394,10.0740652585647
"Africa",2098,9.75754158610115,0.170683660453604,47,9.42300161161208,10.0920815605902
"Africa",2099,9.77396816760417,0.1715508663963,47,9.43772846946742,10.1102078657409
"Africa",2100,9.79011134881473,0.172372056720712,47,9.45226211764213,10.1279605799873
"Americas",2019,9.97675355109358,0.15383019896347,34,9.67524636112518,10.278260741062
"Americas",2020,9.74680184243002,0.146880349815216,34,9.45891635679219,10.0346873280678
"Americas",2021,9.45600097105107,0.15913701888134,34,9.14409241404364,9.7679095280585
"Americas",2022,9.95472303493048,0.132473480464934,34,9.6950750132192,10.2143710566417
"Americas",2023,10.1241274096678,0.154291953442112,34,9.82171518092129,10.4265396384144
"Americas",2024,10.1614016872653,0.155374650143074,34,9.85686737298483,10.4659360015457
"Americas",2025,10.1988685996483,0.15668754846897,34,9.89176100464908,10.5059761946474
"Americas",2026,10.2361444437773,0.157996400895465,34,9.9264714980222,10.5458173895324
"Americas",2027,10.2735700092482,0.159320532122969,34,9.96130176628714,10.5858382522092
"Americas",2028,10.309915929334,0.16060440315095,34,9.99513129915816,10.6247005595099
"Americas",2029,10.3470697456617,0.161911865887242,34,10.0297224885227,10.6644170028007
"Americas",2030,10.3838341749341,0.163237410895075,34,10.0638888495798,10.7037795002885
"Americas",2031,10.4202472497833,0.164462609184307,34,10.0979005357821,10.7425939637846
"Americas",2032,10.4565549957505,0.165768220905033,34,10.1316492827766,10.7814607087243
"Americas",2033,10.4928695795335,0.167045120111078,34,10.1654611441157,10.8202780149512
"Americas",2034,10.5289204379596,0.168391938412318,34,10.1988722386714,10.8589686372477
"Americas",2035,10.565008426885,0.169649362153332,34,10.2324956770644,10.8975211767055
"Americas",2036,10.6008740963341,0.17095617474892,34,10.2657999938262,10.935948198842
"Americas",2037,10.6362470047938,0.172254508471354,34,10.2986281681899,10.9738658413977
"Americas",2038,10.6718911929208,0.173516564133457,34,10.3317987272192,11.0119836586224
"Americas",2039,10.7073006715898,0.174730815815713,34,10.364828272591,11.0497730705886
"Americas",2040,10.7426591943517,0.176042777025956,34,10.3976153513808,11.0877030373225
"Americas",2041,10.777440365924,0.177149757871181,34,10.4302268404965,11.1246538913516
"Americas",2042,10.8119648971492,0.178378497376717,34,10.4623430422908,11.1615867520075
"Americas",2043,10.8467488130224,0.179572981952329,34,10.4947857683958,11.198711857649
"Americas",2044,10.8812286049539,0.180850897291972,34,10.5267608462617,11.2356963636462
"Americas",2045,10.9157772116572,0.18216287977471,34,10.5587379672988,11.2728164560156
"Americas",2046,10.9500400935318,0.183388393389243,34,10.5905988424889,11.3094813445747
"Americas",2047,10.9844254272383,0.184610186101241,34,10.6225894624799,11.3462613919968
"Americas",2048,11.0181416734253,0.185725124163487,34,10.6541204300649,11.3821629167858
"Americas",2049,11.0517238805477,0.187022043566484,34,10.6851606751574,11.418287085938
"Americas",2050,11.0849221832978,0.188118641503431,34,10.7162096459511,11.4536347206445
"Americas",2051,11.1182796304232,0.189327333353382,34,10.7471980570505,11.4893612037958
"Americas",2052,11.1518395709168,0.190591805521218,34,10.7782796320952,11.5253995097384
"Americas",2053,11.1852329922021,0.191768565959196,34,10.8093666029221,11.5610993814821
"Americas",2054,11.2186743795247,0.192960737236901,34,10.8404713345404,11.5968774245091
"Americas",2055,11.2516764124796,0.194294201611431,34,10.8708597773212,11.632493047638
"Americas",2056,11.2845872869137,0.195458874639315,34,10.9014878926206,11.6676866812067
"Americas",2057,11.3173365313721,0.196568148481816,34,10.9320629603477,11.7026101023965
"Americas",2058,11.3500884384875,0.197750884992833,34,10.9624967039016,11.7376801730735
"Americas",2059,11.3824162037439,0.198830060977407,34,10.9927092842282,11.7721231232597
"Americas",2060,11.4148238178481,0.200107979531465,34,11.0226121779664,11.8070354577298
"Americas",2061,11.4469107321997,0.201319213084189,34,11.0523250745547,11.8414963898447
"Americas",2062,11.4784854532567,0.202537641406749,34,11.0815116760994,11.8754592304139
"Americas",2063,11.5102589647974,0.203714637662792,34,11.1109782749783,11.9095396546165
"Americas",2064,11.5417702714782,0.204882681819873,34,11.1402002151113,11.9433403278452
"Americas",2065,11.5731989360678,0.206035665409443,34,11.1693690318653,11.9770288402704
"Americas",2066,11.6045842604675,0.207166840112938,34,11.1985372538462,12.0106312670889
"Americas",2067,11.6356608293999,0.208327058967487,34,11.2273397938236,12.0439818649761
"Americas",2068,11.6665812656664,0.209345222660581,34,11.2562646292517,12.0768979020811
"Americas",2069,11.6974816212316,0.210515995690055,34,11.2848702696791,12.1100929727841
"Americas",2070,11.7281727307168,0.211664851126224,34,11.3133096225094,12.1430358389242
"Americas",2071,11.7586408720309,0.212770580338595,34,11.3416105345673,12.1756712094946
"Americas",2072,11.789115687251,0.213891288575286,34,11.3698887616434,12.2083426128585
"Americas",2073,11.8192288946547,0.215042903087409,34,11.3977448046034,12.240712984706
"Americas",2074,11.8493679241242,0.216267615835762,34,11.4254833970861,12.2732524511623
"Americas",2075,11.8794521169505,0.217410519084735,34,11.4533274995444,12.3055767343565
"Americas",2076,11.9095466760436,0.218508678175935,34,11.4812696668188,12.3378236852685
"Americas",2077,11.9390352481057,0.219640694558378,34,11.5085394867713,12.3695310094401
"Americas",2078,11.9686218087604,0.220952083272197,34,11.5355557255469,12.4016878919739
"Americas",2079,11.9979908589173,0.222016064264695,34,11.5628393729585,12.4331423448761
"Americas",2080,12.0273706464171,0.223191496109292,34,11.5899153140429,12.4648259787913
"Americas",2081,12.0564512458772,0.224311004761646,34,11.6168016765444,12.4961008152101
"Americas",2082,12.0857058869159,0.22555643779452,34,11.6436152688386,12.5277965049931
"Americas",2083,12.1147290609144,0.226647315683052,34,11.6705003221756,12.5589577996531
"Americas",2084,12.143834602089,0.227952478534728,34,11.697047744161,12.5906214600171
"Americas",2085,12.1725259306391,0.229208388427535,34,11.7232774893211,12.621774371957
"Americas",2086,12.2011882307908,0.230403436540688,34,11.7495974951711,12.6527789664106
"Americas",2087,12.229279571728,0.231604746772425,34,11.7753342680541,12.683224875402
"Americas",2088,12.257729404647,0.232884283302967,34,11.8012762093732,12.7141825999208
"Americas",2089,12.2859182551908,0.234073709667831,34,11.8271337842419,12.7447027261398
"Americas",2090,12.3144631977138,0.235388827789649,34,11.853101095246,12.7758253001815
"Americas",2091,12.342670848644,0.23656341495567,34,11.8790065553309,12.8063351419572
"Americas",2092,12.3709620599295,0.237827487038305,34,11.9048201853344,12.8371039345246
"Americas",2093,12.3989293118565,0.239098642762978,34,11.930295972041,12.8675626516719
"Americas",2094,12.4263438038159,0.240368006219023,34,11.9552225116266,12.8974650960052
"Americas",2095,12.4541009109657,0.241660298897881,34,11.9804467251259,12.9277550968056
"Americas",2096,12.4816030412,0.242848413749217,34,12.0056201502515,12.9575859321484
"Americas",2097,12.5091163928461,0.244139617293748,34,12.0306027429504,12.9876300427419
"Americas",2098,12.5363439465588,0.245363830049827,34,12.0554308396611,13.0172570534564
"Americas",2099,12.5633898693758,0.246551028098462,34,12.0801498543028,13.0466298844488
"Americas",2100,12.5907519926828,0.247886001731824,34,12.1048954292884,13.0766085560771
"Eastern Mediterranean",2019,10.0841863666648,0.283662308398597,22,9.52820824220353,10.640164491126
"Eastern Mediterranean",2020,9.82693939004512,0.252713064977983,22,9.33162178268827,10.322256997402
"Eastern Mediterranean",2021,9.64167471250939,0.238271744551086,22,9.17466209318927,10.1086873318295
"Eastern Mediterranean",2022,10.0630424092532,0.273350703534426,22,9.5272750303257,10.5988097881806
"Eastern Mediterranean",2023,10.1113687109048,0.284430014357392,22,9.55388588276429,10.6688515390453
"Eastern Mediterranean",2024,10.1918654256719,0.277901984429869,22,9.64717753618934,10.7365533151544
"Eastern Mediterranean",2025,10.2714745214054,0.275965614873382,22,9.73058191625358,10.8123671265572
"Eastern Mediterranean",2026,10.3545225832213,0.27873618297981,22,9.80819966458088,10.9008455018617
"Eastern Mediterranean",2027,10.3896791337868,0.280890546399786,22,9.83913366284325,10.9402246047304
"Eastern Mediterranean",2028,10.4247801655922,0.282988775408149,22,9.87012216579222,10.9794381653922
"Eastern Mediterranean",2029,10.4590397188823,0.285019028664078,22,9.9004024227007,11.0176770150639
"Eastern Mediterranean",2030,10.4933216238712,0.287155644966727,22,9.93049655973638,11.056146688006
"Eastern Mediterranean",2031,10.5276929782676,0.289338938721933,22,9.96058865837261,11.0947972981626
"Eastern Mediterranean",2032,10.5616734879271,0.29146052065737,22,9.99041086743861,11.1329361084155
"Eastern Mediterranean",2033,10.5947539405123,0.293558065458444,22,10.0193801322138,11.1701277488109
"Eastern Mediterranean",2034,10.6280105032381,0.295608269370103,22,10.0486182952727,11.2074027112035
"Eastern Mediterranean",2035,10.6610885265848,0.297708901258326,22,10.0775790801185,11.2445979730512
"Eastern Mediterranean",2036,10.6941245310717,0.299718690426236,22,10.1066758978363,11.2815731643071
"Eastern Mediterranean",2037,10.7266669032306,0.301815070142513,22,10.1351093657513,11.31822444071
"Eastern Mediterranean",2038,10.7587966387739,0.303987371510531,22,10.1629813906132,11.3546118869345
"Eastern Mediterranean",2039,10.7910460487038,0.305968943402458,22,10.191346919635,11.3907451777726
"Eastern Mediterranean",2040,10.8230643618361,0.308067000251402,22,10.2192530413433,11.4268756823288
"Eastern Mediterranean",2041,10.8548591568556,0.310150885756545,22,10.2469634207728,11.4627548929384
"Eastern Mediterranean",2042,10.8862638739293,0.31223158040527,22,10.2742899763349,11.4982377715236
"Eastern Mediterranean",2043,10.9169711268208,0.314229100523536,22,10.3010820897947,11.5328601638469
"Eastern Mediterranean",2044,10.9481818126054,0.316143681265272,22,10.3285401973255,11.5678234278853
"Eastern Mediterranean",2045,10.9788199390483,0.318103587360252,22,10.3553369078223,11.6023029702744
"Eastern Mediterranean",2046,11.008986510627,0.320019952196112,22,10.3817474043226,11.6362256169314
"Eastern Mediterranean",2047,11.0390596076217,0.321842710407101,22,10.4082478952238,11.6698713200196
"Eastern Mediterranean",2048,11.0687585623517,0.323645606342365,22,10.4344131739207,11.7031039507827
"Eastern Mediterranean",2049,11.0977016873332,0.325236785195205,22,10.4602375883506,11.7351657863158
"Eastern Mediterranean",2050,11.1266624973529,0.326929634662324,22,10.4858804134147,11.767444581291
"Eastern Mediterranean",2051,11.1551503411461,0.328613326295635,22,10.5110682216066,11.7992324606855
"Eastern Mediterranean",2052,11.1840967008626,0.330246076072844,22,10.5368143917598,11.8313790099654
"Eastern Mediterranean",2053,11.2123126901582,0.331878986282217,22,10.5618298770451,11.8627955032714
"Eastern Mediterranean",2054,11.2406386166653,0.333522007053245,22,10.586935482841,11.8943417504897
"Eastern Mediterranean",2055,11.2685827398821,0.335144984749347,22,10.6116985697734,11.9254669099908
"Eastern Mediterranean",2056,11.2969801584651,0.3368776308009,22,10.6367000020953,11.9572603148348
"Eastern Mediterranean",2057,11.3250161170636,0.338548885724403,22,10.6614603010437,11.9885719330834
"Eastern Mediterranean",2058,11.3521197738775,0.340095763796763,22,10.6855320768359,12.0187074709192
"Eastern Mediterranean",2059,11.3795493015993,0.34156542293396,22,10.7100810726487,12.0490175305499
"Eastern Mediterranean",2060,11.4068021588794,0.343046489574214,22,10.734431039314,12.0791732784449
"Eastern Mediterranean",2061,11.433887868764,0.344578721513134,22,10.7585135745983,12.1092621629298
"Eastern Mediterranean",2062,11.4608637615389,0.346099314315636,22,10.7825091054803,12.1392184175976
"Eastern Mediterranean",2063,11.4875900319005,0.347599835087259,22,10.8062943551295,12.1688857086715
"Eastern Mediterranean",2064,11.5139489406864,0.349000417558577,22,10.8299081222716,12.1979897591012
"Eastern Mediterranean",2065,11.5403095485323,0.35035902828437,22,10.8536058530949,12.2270132439697
"Eastern Mediterranean",2066,11.5666522143455,0.35187522174849,22,10.8769767797184,12.2563276489725
"Eastern Mediterranean",2067,11.5928881522419,0.353371801668802,22,10.900279420971,12.2854968835127
"Eastern Mediterranean",2068,11.6189314337713,0.3548375822863,22,10.9234497724902,12.3144130950525
"Eastern Mediterranean",2069,11.6451394298573,0.356329822514084,22,10.9467329777297,12.3435458819849
"Eastern Mediterranean",2070,11.67162310126,0.357808661893878,22,10.970318123948,12.372928078572
"Eastern Mediterranean",2071,11.6978535436048,0.359308890245324,22,10.993608118724,12.4020989684857
"Eastern Mediterranean",2072,11.7237787096666,0.360712288697486,22,11.0167826238195,12.4307747955137
"Eastern Mediterranean",2073,11.7498795497319,0.362011644930994,22,11.0403367256672,12.4594223737967
"Eastern Mediterranean",2074,11.7756859918858,0.363344338986468,22,11.0635310874723,12.4878408962993
"Eastern Mediterranean",2075,11.8008915454893,0.364715038592823,22,11.0860500698474,12.5157330211312
"Eastern Mediterranean",2076,11.8257978753919,0.36594549447384,22,11.1085447062232,12.5430510445606
"Eastern Mediterranean",2077,11.8507481830083,0.367305883193646,22,11.1308286519488,12.5706677140679
"Eastern Mediterranean",2078,11.875416273066,0.368532779362682,22,11.1530920255152,12.5977405206169
"Eastern Mediterranean",2079,11.9002915716301,0.369743852255112,22,11.17559362121,12.6249895220501
"Eastern Mediterranean",2080,11.9251288433502,0.371066677198981,22,11.1978381560402,12.6524195306602
"Eastern Mediterranean",2081,11.9500078131291,0.372263248150624,22,11.2203718467539,12.6796437795043
"Eastern Mediterranean",2082,11.9745627749343,0.373439595818355,22,11.2426211671303,12.7065043827383
"Eastern Mediterranean",2083,11.9993652892925,0.374784470788135,22,11.2647877265477,12.7339428520372
"Eastern Mediterranean",2084,12.0236438638497,0.376093929292693,22,11.286499762436,12.7607879652634
"Eastern Mediterranean",2085,12.048486880321,0.377513402942183,22,11.3085606105543,12.7884131500876
"Eastern Mediterranean",2086,12.0729826392565,0.378784310683493,22,11.3305653903168,12.8153998881961
"Eastern Mediterranean",2087,12.097602960663,0.380241459653035,22,11.352329699743,12.8428762215829
"Eastern Mediterranean",2088,12.1224003289488,0.381629817121988,22,11.3744058873897,12.8703947705079
"Eastern Mediterranean",2089,12.1467527302578,0.38288133914956,22,11.3963053055247,12.897200154991
"Eastern Mediterranean",2090,12.1709524283425,0.384117639561794,22,11.4180818548014,12.9238230018836
"Eastern Mediterranean",2091,12.1950715059448,0.385419643680632,22,11.4396490043307,12.9504940075588
"Eastern Mediterranean",2092,12.2188361052402,0.38661789426754,22,11.4610650324758,12.9766071780046
"Eastern Mediterranean",2093,12.2425293956036,0.387850458656131,22,11.4823424966376,13.0027162945696
"Eastern Mediterranean",2094,12.2666237283557,0.38915873797675,22,11.5038726019212,13.0293748547901
"Eastern Mediterranean",2095,12.2904873403551,0.390367562892659,22,11.5253669170855,13.0556077636247
"Eastern Mediterranean",2096,12.3138796633011,0.391509964621868,22,11.5465201326422,13.08123919396
"Eastern Mediterranean",2097,12.3370717831,0.392651337590914,22,11.5674751614219,13.1066684047782
"Eastern Mediterranean",2098,12.360154244116,0.393827520159455,22,11.5882523046035,13.1320561836285
"Eastern Mediterranean",2099,12.3833297431343,0.395015347152248,22,11.6090996627159,13.1575598235527
"Eastern Mediterranean",2100,12.4062265942984,0.396260123359533,22,11.6295567525138,13.1828964360831
"Europe",2019,10.3057291497679,0.158835628560756,50,9.99441131778886,10.617046981747
"Europe",2020,10.1387627491271,0.168247959987905,50,9.80899674755078,10.4685287507034
"Europe",2021,10.0776917958072,0.174524180528656,50,9.73562440197107,10.4197591896434
"Europe",2022,10.2382367317474,0.151718230475818,50,9.94086900001475,10.53560446348
"Europe",2023,10.3646953718662,0.156521279680659,50,10.0579136636921,10.6714770800403
"Europe",2024,10.3984311562973,0.156979163239597,50,10.0907519963477,10.7061103162469
"Europe",2025,10.427262908422,0.157621971367362,50,10.118323844542,10.7362019723021
"Europe",2026,10.4564811796286,0.158277869425543,50,10.1462565555545,10.7667058037027
"Europe",2027,10.4845802810564,0.158915129428369,50,10.1731066273768,10.796053934736
"Europe",2028,10.5123550445654,0.159507375002576,50,10.1997205895604,10.8249894995705
"Europe",2029,10.5402274387428,0.160106836971597,50,10.2264180382785,10.8540368392071
"Europe",2030,10.5677154012667,0.160690749201496,50,10.2527615328317,10.8826692697016
"Europe",2031,10.5949112137387,0.161226463908401,50,10.2789073444782,10.9109150829991
"Europe",2032,10.6223393884557,0.161794577693767,50,10.3052220161759,10.9394567607355
"Europe",2033,10.649061492768,0.162286608727331,50,10.3309797396624,10.9671432458736
"Europe",2034,10.67528882895,0.162736573956072,50,10.3563251439961,10.9942525139039
"Europe",2035,10.7018925023721,0.163241169052515,50,10.3819398110291,11.021845193715
"Europe",2036,10.7284942298368,0.163714838838319,50,10.4076131457137,11.0493753139599
"Europe",2037,10.754590927462,0.164208841719709,50,10.4327415976914,11.0764402572327
"Europe",2038,10.7807128471183,0.164709077080391,50,10.4578830560407,11.1035426381958
"Europe",2039,10.8060950693361,0.165083069353475,50,10.4825322534033,11.1296578852689
"Europe",2040,10.8323567421758,0.165566092195548,50,10.5078472014725,11.1568662828791
"Europe",2041,10.8581618317879,0.165989163273662,50,10.5328230717715,11.1835005918043
"Europe",2042,10.8836176296773,0.166398301094145,50,10.5574769595328,11.2097582998218
"Europe",2043,10.9090336973463,0.166806321541563,50,10.5820933071248,11.2359740875677
"Europe",2044,10.9339223413183,0.167154945431569,50,10.6062986482725,11.2615460343642
"Europe",2045,10.9591700276561,0.167556318205926,50,10.6307596439725,11.2875804113397
"Europe",2046,10.9838391492707,0.167871540900715,50,10.6548109291053,11.3128673694361
"Europe",2047,11.0084668920063,0.168269401750768,50,10.6786588645748,11.3382749194378
"Europe",2048,11.0332317188102,0.168650163650869,50,10.7026773980544,11.3637860395659
"Europe",2049,11.0576828655223,0.169047167432824,50,10.7263504173539,11.3890153136906
"Europe",2050,11.0824909616974,0.169432932514058,50,10.7504024139698,11.4145795094249
"Europe",2051,11.1067383126667,0.169825956027751,50,10.7738794388523,11.4395971864811
"Europe",2052,11.1308793815243,0.170206848567246,50,10.7972739583325,11.4644848047161
"Europe",2053,11.1549097409113,0.170575482552222,50,10.8205817951089,11.4892376867136
"Europe",2054,11.1788271211424,0.170993430784544,50,10.8436799968047,11.5139742454801
"Europe",2055,11.2027450668602,0.171376675417456,50,10.866846783042,11.5386433506784
"Europe",2056,11.2264587565316,0.171764424848875,50,10.8898004838278,11.5631170292354
"Europe",2057,11.2499570336272,0.172145683217794,50,10.9125514945203,11.587362572734
"Europe",2058,11.2734178154087,0.172491913586927,50,10.9353336647783,11.611501966039
"Europe",2059,11.296632277212,0.172864711333208,50,10.9578174429989,11.635447111425
"Europe",2060,11.3196138341502,0.173231742994512,50,10.980079617881,11.6591480504195
"Europe",2061,11.342593761966,0.17360984902255,50,11.0023184578818,11.6828690660502
"Europe",2062,11.3656222461944,0.174016499396658,50,11.0245499073769,11.7066945850118
"Europe",2063,11.3883871166088,0.174358656594809,50,11.0466441496829,11.7301300835346
"Europe",2064,11.4112328694834,0.174791829321155,50,11.0686408840139,11.7538248549528
"Europe",2065,11.4339970203201,0.175189777163387,50,11.0906250570799,11.7773689835604
"Europe",2066,11.4566087154849,0.175559167804507,50,11.112512746588,11.8007046843817
"Europe",2067,11.4787782310745,0.175916485122561,50,11.1339819202342,11.8235745419147
"Europe",2068,11.501077959321,0.176269422225642,50,11.1555898917587,11.8465660268833
"Europe",2069,11.5234881028517,0.176695356149785,50,11.1771652047981,11.8698110009053
"Europe",2070,11.5457624754531,0.177072802364871,50,11.198699782818,11.8928251680883
"Europe",2071,11.5684072275949,0.177533691759897,50,11.2204411917455,11.9163732634443
"Europe",2072,11.5903809088262,0.17796076004758,50,11.241577819133,11.9391839985195
"Europe",2073,11.6125659039647,0.178409550945694,50,11.2628831841112,11.9622486238183
"Europe",2074,11.6341675605645,0.178781084314174,50,11.2837566353087,11.9845784858203
"Europe",2075,11.6560991841106,0.179217761586773,50,11.3048323714005,12.0073659968206
"Europe",2076,11.6777408013107,0.179605019750401,50,11.3257149625999,12.0297666400215
"Europe",2077,11.6995731124153,0.180051797995612,50,11.3466715883439,12.0524746364867
"Europe",2078,11.7210220405108,0.180452518596925,50,11.3673351040608,12.0747089769607
"Europe",2079,11.7426728918931,0.180926894206364,50,11.3880561792487,12.0972896045376
"Europe",2080,11.7638150520422,0.181327886169924,50,11.4084123951491,12.1192177089352
"Europe",2081,11.7853250058068,0.181747955731127,50,11.4290990125738,12.1415509990398
"Europe",2082,11.8065979095944,0.182219387204404,50,11.4494479106737,12.163747908515
"Europe",2083,11.8279449914235,0.182680519512403,50,11.4698911731792,12.1859988096678
"Europe",2084,11.8490198584867,0.183157206735494,50,11.4900317332851,12.2080079836883
"Europe",2085,11.8701060040505,0.183611340139939,50,11.5102277773763,12.2299842307248
"Europe",2086,11.8913614340543,0.184131019050954,50,11.5304646367144,12.2522582313941
"Europe",2087,11.9122497297018,0.184571378189076,50,11.5504898284513,12.2740096309524
"Europe",2088,11.9333116208988,0.18506889216727,50,11.5705765922509,12.2960466495466
"Europe",2089,11.9543613259397,0.185623066047824,50,11.590540116486,12.3181825353934
"Europe",2090,11.9748962513315,0.186068403011636,50,11.6102021814287,12.3395903212343
"Europe",2091,11.9958170026728,0.186569488209205,50,11.6301408057827,12.3614931995628
"Europe",2092,12.0166926012176,0.187116780464381,50,11.6499437115074,12.3834414909278
"Europe",2093,12.0371768935942,0.187605606600741,50,11.6694699046567,12.4048838825316
"Europe",2094,12.0578587451643,0.188149276953725,50,11.689086162335,12.4266313279936
"Europe",2095,12.0784082858239,0.188643460672252,50,11.7086671029063,12.4481494687415
"Europe",2096,12.0988806946549,0.189181573386733,50,11.7280848108169,12.4696765784929
"Europe",2097,12.1193421086444,0.189693692841516,50,11.747542470675,12.4911417466138
"Europe",2098,12.1399480439889,0.190207948280445,50,11.7671404653592,12.5127556226186
"Europe",2099,12.1605756552909,0.190796630528611,50,11.7866142594548,12.534537051127
"Europe",2100,12.1807183702629,0.191291662170647,50,11.8057867124085,12.5556500281174
"South-East Asia",2019,9.24494173993222,0.277572388154582,10,8.70089985914924,9.7889836207152
"South-East Asia",2020,9.21168819288561,0.274644667607865,10,8.6733846443742,9.74999174139703
"South-East Asia",2021,9.15769205039729,0.265698655810837,10,8.63692268500805,9.67846141578653
"South-East Asia",2022,9.29017359236692,0.287672094287329,10,8.72633628756375,9.85401089717008
"South-East Asia",2023,9.33346497175867,0.292960531536969,10,8.75926232994621,9.90766761357112
"South-East Asia",2024,9.35717663519944,0.296207421285291,10,8.77661008948026,9.93774318091861
"South-East Asia",2025,9.38235023740713,0.299640614491163,10,8.79505463300445,9.9696458418098
"South-East Asia",2026,9.40714872708396,0.303051346495839,10,8.81316808795212,10.0011293662158
"South-East Asia",2027,9.43105152257467,0.306309784182855,10,8.83068434557627,10.0314186995731
"South-East Asia",2028,9.45471148352771,0.30950794154418,10,8.84807591810112,10.0613470489543
"South-East Asia",2029,9.47783377436809,0.312830397165573,10,8.86468619592357,10.0909813528126
"South-East Asia",2030,9.50092065811263,0.315936094147047,10,8.88168591358442,10.1201554026408
"South-East Asia",2031,9.5236128205264,0.31923981665925,10,8.89790277987426,10.1493228611785
"South-East Asia",2032,9.54630717896541,0.322554499967978,10,8.91410035902817,10.1785139989026
"South-East Asia",2033,9.56830554020869,0.325699687286044,10,8.92993415312804,10.2066769272893
"South-East Asia",2034,9.5903477407493,0.328952067532065,10,8.94560168838645,10.2350937931121
"South-East Asia",2035,9.6120551807553,0.332309338414599,10,8.96072887746268,10.2633814840479
"South-East Asia",2036,9.63390051652245,0.3355228688912,10,8.9762756934957,10.2915253395492
"South-East Asia",2037,9.65539102946064,0.338827334114112,10,8.99128945459698,10.3194926043243
"South-East Asia",2038,9.67688684463848,0.342005988411984,10,9.00655510735099,10.347218581926
"South-East Asia",2039,9.69794812848742,0.345131936350842,10,9.02148953323977,10.3744067237351
"South-East Asia",2040,9.7190214484223,0.348398563835192,10,9.03616026330533,10.4018826335393
"South-East Asia",2041,9.73952013195975,0.351693371419061,10,9.05020112397839,10.4288391399411
"South-East Asia",2042,9.76010376586531,0.354847151410184,10,9.06460334910135,10.4556041826293
"South-East Asia",2043,9.77996505836793,0.358034047497656,10,9.07821832527253,10.4817117914633
"South-East Asia",2044,9.80014768264827,0.361322354352014,10,9.09195586811833,10.5083394971782
"South-East Asia",2045,9.82005063543553,0.36454294165578,10,9.1055464697902,10.5345548010809
"South-East Asia",2046,9.83998086176696,0.367672161413678,10,9.11934342539615,10.5606182981378
"South-East Asia",2047,9.85943097376534,0.370748081341512,10,9.13276473433598,10.5860972131947
"South-East Asia",2048,9.87871268178592,0.373866543003792,10,9.14593425749849,10.6114911060734
"South-East Asia",2049,9.89761889436749,0.376943395917581,10,9.15880983836903,10.6364279503659
"South-East Asia",2050,9.91626300671857,0.379812339116,10,9.17183082205121,10.6606951913859
"South-East Asia",2051,9.93498745156335,0.38279804857517,10,9.18470327635601,10.6852716267707
"South-East Asia",2052,9.95347078369884,0.385744322584324,10,9.19741191143357,10.7095296559641
"South-East Asia",2053,9.97186763128429,0.38863546560606,10,9.21014211869642,10.7335931438722
"South-East Asia",2054,9.98967144110956,0.391570208094351,10,9.22219383324464,10.7571490489745
"South-East Asia",2055,10.0080766181532,0.394556473283056,10,9.2347459305184,10.781407305788
"South-East Asia",2056,10.026019592958,0.397513282212465,10,9.24689355982157,10.8051456260944
"South-East Asia",2057,10.0442496169122,0.400375969145013,10,9.25951271738799,10.8289865164364
"South-East Asia",2058,10.0618773522805,0.403287028549757,10,9.27143477632302,10.8523199282381
"South-East Asia",2059,10.0797126119401,0.406146530720951,10,9.28366541172706,10.8757598121532
"South-East Asia",2060,10.0971843637204,0.408912268947243,10,9.29571631658381,10.898652410857
"South-East Asia",2061,10.1146350074195,0.411712845506983,10,9.30767783022586,10.9215921846132
"South-East Asia",2062,10.1314313136338,0.4144057063502,10,9.31919612918743,10.9436664980802
"South-East Asia",2063,10.1485471817804,0.417085763389375,10,9.33105908553727,10.9660352780236
"South-East Asia",2064,10.165611061278,0.419824480440687,10,9.34275507961429,10.9884670429418
"South-East Asia",2065,10.1822880162423,0.422499280140712,10,9.35418942716652,11.0103866053181
"South-East Asia",2066,10.1987855139538,0.425155621997898,10,9.36548049483795,11.0320905330697
"South-East Asia",2067,10.2150549143004,0.427709562264071,10,9.37674417226279,11.0533656563379
"South-East Asia",2068,10.231571507141,0.430450514292562,10,9.3878884991276,11.0752545151544
"South-East Asia",2069,10.2479646691418,0.433113426872497,10,9.39906235247168,11.0968669858119
"South-East Asia",2070,10.2642401540489,0.435729732560133,10,9.41020987823102,11.1182704298667
"South-East Asia",2071,10.2803628119953,0.438419548345604,10,9.42106049723792,11.1396651267527
"South-East Asia",2072,10.29620823937,0.440936416973027,10,9.43197286210284,11.1604436166371
"South-East Asia",2073,10.3125521213935,0.443438228582498,10,9.4434131933718,11.1816910494152
"South-East Asia",2074,10.3285829712714,0.445947163267072,10,9.45452653126792,11.2026394112748
"South-East Asia",2075,10.3444979219096,0.448361531927129,10,9.46570931933243,11.2232865244868
"South-East Asia",2076,10.3603317568643,0.450929306149394,10,9.47651031681148,11.2441531969171
"South-East Asia",2077,10.375772076609,0.45341017086483,10,9.48708814171394,11.2644560115041
"South-East Asia",2078,10.3911022108928,0.455824985714674,10,9.497685238892,11.2845191828935
"South-East Asia",2079,10.4064300614,0.458369143127718,10,9.50802654086967,11.3048335819303
"South-East Asia",2080,10.4216200940104,0.460838683365903,10,9.5183762746132,11.3248639134075
"South-East Asia",2081,10.4369832563887,0.463289194317882,10,9.52893643552565,11.3450300772517
"South-East Asia",2082,10.4518750969106,0.465751026254117,10,9.53900308545256,11.3647471083687
"South-East Asia",2083,10.4667849044138,0.46811827910239,10,9.54927307737316,11.3842967314545
"South-East Asia",2084,10.4816417048378,0.470539830789006,10,9.55938363649136,11.4038997731843
"South-East Asia",2085,10.4964084092553,0.472913002235501,10,9.56949892487372,11.4233178936369
"South-East Asia",2086,10.5110621663586,0.475213302438893,10,9.57964409357837,11.4424802391388
"South-East Asia",2087,10.5256511536342,0.477674147343328,10,9.58940982484123,11.4618924824271
"South-East Asia",2088,10.5403860827856,0.480066738643614,10,9.5994552750441,11.4813168905271
"South-East Asia",2089,10.5547944517119,0.482353509103153,10,9.6093815738697,11.5002073295541
"South-East Asia",2090,10.5688726627615,0.484750069556743,10,9.61876252643029,11.5189827990927
"South-East Asia",2091,10.5829647926569,0.487081464257823,10,9.62828512271154,11.5376444626022
"South-East Asia",2092,10.5975068835414,0.489420085184886,10,9.63824351657905,11.5567702505038
"South-East Asia",2093,10.6117239136015,0.491869386084371,10,9.64765991687614,11.5757879103269
"South-East Asia",2094,10.6259340909287,0.494251440777464,10,9.65720126700491,11.5946669148526
"South-East Asia",2095,10.6397829338228,0.49665368724723,10,9.66634170681824,11.6132241608274
"South-East Asia",2096,10.6537855685569,0.49896227335417,10,9.67581951278276,11.6317516243311
"South-East Asia",2097,10.6678068930854,0.50125131831452,10,9.68535430918898,11.6502594769819
"South-East Asia",2098,10.6812759030702,0.503609501349339,10,9.69420128042554,11.668350525715
"South-East Asia",2099,10.6947626506462,0.505959270825327,10,9.70308247982856,11.6864428214638
"South-East Asia",2100,10.7080606481626,0.508260416453562,10,9.71187023191358,11.7042510644115
"Western Pacific",2019,9.04412180918676,0.301336822678633,22,8.45350163673664,9.63474198163688
"Western Pacific",2020,9.05188256220935,0.311200620954876,22,8.44192934513779,9.66183577928091
"Western Pacific",2021,8.91036530373263,0.325790754396532,22,8.27181542511543,9.54891518234983
"Western Pacific",2022,9.03212852686081,0.283750698580305,22,8.47597715764342,9.58827989607821
"Western Pacific",2023,9.14413032139169,0.301769521080052,22,8.55266206007479,9.73559858270859
"Western Pacific",2024,9.17142068576439,0.302377923388524,22,8.57875995592288,9.76408141560589
"Western Pacific",2025,9.20046480575786,0.302783327855121,22,8.60700948316183,9.7939201283539
"Western Pacific",2026,9.23149375910036,0.303010464409309,22,8.63759324885811,9.8253942693426
"Western Pacific",2027,9.25909942870604,0.303539517535699,22,8.66416197433606,9.85403688307601
"Western Pacific",2028,9.28682035273289,0.304117778041889,22,8.69074950777078,9.88289119769499
"Western Pacific",2029,9.3139560169973,0.304694220899005,22,8.71675534403525,9.91115668995935
"Western Pacific",2030,9.34069881027288,0.305163008718994,22,8.74257931318365,9.93881830736211
"Western Pacific",2031,9.36746121641323,0.305837448142704,22,8.76801981805353,9.96690261477293
"Western Pacific",2032,9.39375837476752,0.306375243187289,22,8.79326289812043,9.9942538514146
"Western Pacific",2033,9.42032067882587,0.306897166535516,22,8.81880223241626,10.0218391252355
"Western Pacific",2034,9.44621573992336,0.307391801379425,22,8.84372780921969,10.048703670627
"Western Pacific",2035,9.47245972336617,0.30813546712724,22,8.86851420779678,10.0764052389356
"Western Pacific",2036,9.49867312074076,0.308705227508987,22,8.89361087482315,10.1037353666584
"Western Pacific",2037,9.52474348225855,0.309293567277577,22,8.9185280903945,10.1309588741226
"Western Pacific",2038,9.55062169672998,0.309908410501603,22,8.94320121214684,10.1580421813131
"Western Pacific",2039,9.57639241805174,0.310504770076111,22,8.96780306870257,10.1849817674009
"Western Pacific",2040,9.6020528729932,0.311100491611542,22,8.99229590943457,10.2118098365518
"Western Pacific",2041,9.62773368269994,0.31178745991309,22,9.01663026127028,10.2388371041296
"Western Pacific",2042,9.65299861956941,0.312409224336219,22,9.04067653987042,10.2653206992684
"Western Pacific",2043,9.67828922495774,0.313097639484304,22,9.06461785156851,10.291960598347
"Western Pacific",2044,9.7038343103173,0.313745912147126,22,9.08889232250893,10.3187762981257
"Western Pacific",2045,9.72890560418953,0.314430940882396,22,9.11262096006003,10.345190248319
"Western Pacific",2046,9.75376428111734,0.315063947855664,22,9.13623894332024,10.3712896189144
"Western Pacific",2047,9.77875015030992,0.315705514621526,22,9.15996734165173,10.3975329589681
"Western Pacific",2048,9.80388878783374,0.316342060554066,22,9.18385834914777,10.4239192265197
"Western Pacific",2049,9.82873641785317,0.3170588324283,22,9.2073011062937,10.4501717294126
"Western Pacific",2050,9.85335531780964,0.317763680591783,22,9.23053850384974,10.4761721317695
"Western Pacific",2051,9.87851947019541,0.318570607352328,22,9.25412107978484,10.502917860606
"Western Pacific",2052,9.90302607274558,0.319129403264262,22,9.27753244234762,10.5285197031435
"Western Pacific",2053,9.92725369132399,0.319720273189057,22,9.30060195587343,10.5539054267745
"Western Pacific",2054,9.95200259498494,0.320384968849435,22,9.32404805604005,10.5799571339298
"Western Pacific",2055,9.97645187429292,0.321141083717096,22,9.34701535020741,10.6058883983784
"Western Pacific",2056,10.0009062355622,0.321694499062006,22,9.37038501740064,10.6314274537237
"Western Pacific",2057,10.0256927677425,0.322465956184005,22,9.39365949362184,10.6577260418631
"Western Pacific",2058,10.0498908225269,0.32311663859727,22,9.41658221087621,10.6831994341775
"Western Pacific",2059,10.0738046572965,0.323809493435988,22,9.43913805016201,10.7084712644311
"Western Pacific",2060,10.098030175217,0.324559450305255,22,9.46189365261866,10.7341666978153
"Western Pacific",2061,10.1222863260775,0.325329484749722,22,9.48464053596801,10.7599321161869
"Western Pacific",2062,10.1463462547182,0.326032499420893,22,9.50732255585325,10.7853699535832
"Western Pacific",2063,10.1701758071965,0.326805377431443,22,9.52963726743091,10.8107143469622
"Western Pacific",2064,10.1937520609159,0.327486484888576,22,9.55187855053424,10.8356255712975
"Western Pacific",2065,10.2176945852388,0.328317905516047,22,9.57419149042738,10.8611976800503
"Western Pacific",2066,10.2413250435399,0.329151777488766,22,9.59618755966192,10.8864625274179
"Western Pacific",2067,10.2643942634385,0.329786979307269,22,9.61801178399625,10.9107767428807
"Western Pacific",2068,10.288535260012,0.330548310575029,22,9.6406605712849,10.936409948739
"Western Pacific",2069,10.3117126170667,0.331241874838429,22,9.66247854238337,10.96094669175
"Western Pacific",2070,10.3349233453732,0.331849965741545,22,9.68449741251975,10.9853492782266
"Western Pacific",2071,10.3584492256109,0.33257358009679,22,9.7066050086212,11.0102934426006
"Western Pacific",2072,10.3816608935552,0.333365602303674,22,9.72826431304003,11.0350574740704
"Western Pacific",2073,10.4049338832856,0.334155720960626,22,9.74998867020273,11.0598790963684
"Western Pacific",2074,10.4278296230764,0.334823960741502,22,9.77157466002302,11.0840845861297
"Western Pacific",2075,10.451320344005,0.335671979271774,22,9.79340326463232,11.1092374233777
"Western Pacific",2076,10.4744378875923,0.336449912582661,22,9.81499605893027,11.1338797162543
"Western Pacific",2077,10.497283692497,0.337210694080557,22,9.83635073209913,11.1582166528949
"Western Pacific",2078,10.5204891402518,0.338010284140342,22,9.85798898333678,11.1829892971669
"Western Pacific",2079,10.5433162061852,0.338750655827282,22,9.87936492076376,11.2072674916067
"Western Pacific",2080,10.5661362778221,0.339495901794,22,9.90072431030585,11.2315482453383
"Western Pacific",2081,10.5893575411835,0.340216432014222,22,9.92253333443567,11.2561817479314
"Western Pacific",2082,10.6119537263948,0.340905743751863,22,9.9437784686412,11.2801289841485
"Western Pacific",2083,10.6347872297986,0.341778595301551,22,9.9649011830076,11.3046732765897
"Western Pacific",2084,10.6577736904344,0.342617132182198,22,9.98624411135726,11.3293032695115
"Western Pacific",2085,10.6802621193728,0.343320771956131,22,10.0073534063388,11.3531708324069
"Western Pacific",2086,10.7030768671693,0.344179985589961,22,10.028484095413,11.3776696389256
"Western Pacific",2087,10.7260075996886,0.345061092634159,22,10.0496878581256,11.4023273412515
"Western Pacific",2088,10.7493105309085,0.345947064040694,22,10.0712542853887,11.4273667764282
"Western Pacific",2089,10.7722385533024,0.346819432025048,22,10.0924724665333,11.4520046400715
"Western Pacific",2090,10.7952568250314,0.34776506756476,22,10.1136372926045,11.4768763574584
"Western Pacific",2091,10.8178235989988,0.348592876051931,22,10.1345815619371,11.5010656360606
"Western Pacific",2092,10.8406826764995,0.349532745756537,22,10.1555984948166,11.5257668581823
"Western Pacific",2093,10.8629051684552,0.35050648229105,22,10.1759124631648,11.5498978737457
"Western Pacific",2094,10.8858553250049,0.351478566966765,22,10.19695733375,11.5747533162597
"Western Pacific",2095,10.9083487838901,0.3522760452136,22,10.2178877352715,11.5988098325088
"Western Pacific",2096,10.9310607695018,0.353224890255775,22,10.2387399846005,11.6233815544031
"Western Pacific",2097,10.9534561218311,0.354247099847923,22,10.2591318061291,11.647780437533
"Western Pacific",2098,10.975777793669,0.355203765856497,22,10.2795784125903,11.6719771747478
"Western Pacific",2099,10.9981034268078,0.356067525869687,22,10.3002110761032,11.6959957775124
"Western Pacific",2100,11.0206136567678,0.356969869440823,22,10.3209527126637,11.7202746008718
